Sector,Theme,Keywords,count
Digitalisation,Affordability,"""monopolies"" OR ""digital transformation"" OR ""income inequality"" OR ""race to the bottom"" OR ""price regulation"" OR ""big tech"" OR ""class divide"" OR ""blue oceans"" OR ""poverty gap"" OR ""low-income technology""",603156
Digitalisation,Artificial Intelligence/Machine Learning (AI/ML),"""natural language processing"" OR ""supervised learning"" OR ""large language models"" OR ""unsupervised learning"" OR ""federated learning"" OR ""generative ai"" OR ""semi-supervised learning"" OR ""explainable ai"" OR ""edge ai""",728072
Digitalisation,Blockchain,"""blockchain"" OR ""cryptocurrency"" OR ""bitcoin"" OR ""dlt"" OR ""smart contracts"" OR ""distributed ledger technology"" OR ""cryptographic technology"" OR ""peer to peer technologies""",325658
Digitalisation,Data storage and data centers,"""data storage"" OR ""data retention"" OR ""dark data"" OR ""ai model training""",216428
Digitalisation,Democracy,"""disconnection"" OR ""freedom of expression"" OR ""cyber attacks"" OR ""digital power"" OR ""privacy algorithms"" OR ""epistemic justice"" OR ""content restrictions"" OR ""internet shutdowns"" OR ""asymmetric regulation"" OR ""permissible limitations"" OR ""global surveillance capitalism""",289331
Digitalisation,Digital Literacy,"""cybersecurity"" OR ""digital literacy"" OR ""e-safety""",229836
Digitalisation,Energy consumption limits,"""energy consumption"" OR ""data center"" OR ""carbon footprint"" OR ""digital economy"" OR ""climate impact"" OR ""energy optimization"" OR ""energy constraint"" OR ""cooling technology"" OR ""electricity usage"" OR ""energy burden"" OR ""ai infrastructure"" OR ""power usage effectiveness (pue)"" OR ""hyperscalers"" OR ""computing hub"" OR ""energy cap"" OR ""global energy justice"" OR ""digital asymmetry""",1198671
Digitalisation,Infrastructure,"""energy systems"" OR ""industry 4.0"" OR ""mobile networks"" OR ""fourth industrial revolution"" OR ""information infrastructure"" OR ""telecommunication network"" OR ""electrical grids"" OR ""web 3.0"" OR ""4ir"" OR ""ixp"" OR ""global information infrastructure"" OR ""industrial revolution 5.0"" OR ""internet exchange point"" OR ""internet interconnexion""",624344
Digitalisation,Internet/Internet of Things,"""internet of things"" OR ""smart manufacturing""",450348
Digitalisation,Material Footprint and E-Waste,"""cloud storage"" OR ""resource extraction"" OR ""e-waste"" OR ""cloud technology"" OR ""ict infrastructure"" OR ""electronic waste"" OR ""extractivism"" OR ""critical mineral"" OR ""e-waste management"" OR ""rare earth mineral"" OR ""mining impact"" OR ""material footprint"" OR ""sustainable software"" OR ""resource drain"" OR ""equipment lifespan"" OR ""hyperscaler"" OR ""ai supply chains"" OR ""waste colonialism"" OR ""digital discard""",173472
Digitalisation,Rebound effects,"""rebound effect"" OR ""backfire effect"" OR ""jevons paradox"" OR ""efficiency paradox""",16698
Food,Agricultural policies,"""agricultural policies"" OR ""agricultural subsidy""",97445
Food,Alternative and future farming approaches,"""mixed farming systems"" OR ""controlled environment agriculture"" OR ""perennial grains"" OR ""digital agriculture for sustainability"" OR ""agroforestry cropping systems"" OR ""urban agriculture resilience"" OR ""vertical farming sustainability""",8005
Food,Biodiversity and pest management,"""integrated pest management"" OR ""intercropping"" OR ""crop diversification"" OR ""trap cropping"" OR ""natural pest control"" OR ""polyculture farming"" OR ""beneficial insects in agriculture"" OR ""agroforestry for pest control""",131246
Food,Climate adaptation and mitigation in agriculture,"""carbon sequestration in agriculture"" OR ""carbon farming"" OR ""perennial cropping systems"" OR ""climate-resilient crop varieties"" OR ""low-emission agriculture"" OR ""mitigating agricultural emissions"" OR ""reducing greenhouse gas emissions in farming"" OR ""climate-adaptive cropping systems""",6037
Food,Diet,"""dietary change"" OR ""dietary guidelines"" OR ""dietary diversity"" OR ""vegetarian diet"" OR ""vegan diet"" OR ""dietary shift"" OR ""dietary shifts"" OR ""dietary guidelines impact""",127318
Food,Economic impact (general),"""food assembly"" OR ""alternate food networks""",150
Food,Fiscal,"""taxes on energy-dense foods"" OR ""subsidizing nutrient-rich foods""",38
Food,Food,"""breastfeeding"" OR ""food processing"" OR ""food policies"" OR ""food preparation"" OR ""complementary feeding"" OR ""food storage"" OR ""food security policy"" OR ""effective food policy"" OR ""effective food policies"" OR ""food assistance effectiveness""",529550
Food,Food/ Food system,"""food system"" OR ""food availability"" OR ""food access"" OR ""sustainable food production"" OR ""food sovereignty"" OR ""food utilization"" OR ""waste prevention"" OR ""food justice"" OR ""food sufficiency"" OR ""food principles"" OR ""food stability"" OR ""food equity"" OR ""equitable food distribution""",285702
Food,General,"""sufficiency in agriculture"" OR ""quantitative measure of sustainability"" OR ""sufficiency in food systems"" OR ""food sufficiency strategies"" OR ""food security and sufficiency policies"" OR ""sufficiency in agri-food systems"" OR ""climate change and food sufficiency"" OR ""consumer behavior and sufficiency""",782
Food,General resilient and sustainable agricultural principles,"""sustainable cropping"" OR ""conservation agriculture"" OR ""sustainable intensification"" OR ""diversified cropping"" OR ""agroecological practices"" OR ""low-input farming"" OR ""resilient farming practices""",69220
Food,Interventions,"""nutrition intervention"" OR ""behavior change interventions"" OR ""multi-component intervention"" OR ""multi-component interventions"" OR ""food intervention"" OR ""food interventions"" OR ""healthy food intervention""",85854
Food,Livestock,"""alternative protein sources"" OR ""precision livestock farming"" OR ""livestock manure management"" OR ""pasture-based livestock"" OR ""improve manure management"" OR ""sustainable livestock systems"" OR ""climate-smart livestock"" OR ""sustainable animal feed"" OR ""sustainable dairy products"" OR ""reduce emissions from fertilizers"" OR ""regenerative livestock farming"" OR ""methane reduction in cattle"" OR ""low-emission dairy farming""",13269
Food,Nutrient management and fertilization,"""biofertilizers in agriculture"" OR ""nitrogen-fixing crops"" OR ""legume-based cropping systems"" OR ""precision nutrient management"" OR ""synthetic fertilize"" OR ""mycorrhizal fungi applications"" OR ""fertilizer dependency"" OR ""sustainable phosphorus use"" OR ""organic farming fertilizers"" OR ""nutrient cycling in cropping systems""",4304
Food,Nutrient principles,"""nutrient availability"" OR ""micronutrient deficiencies"" OR ""nutrient flows"" OR ""nutrient adequacy"" OR ""micronutrient sufficiency""",163075
Food,Nutrition,"""public health nutrition"" OR ""nutrition policy"" OR ""nutrition practice"" OR ""healthy eating policy"" OR ""nutrition governance"" OR ""nutrition quota""",49671
Food,Nutrition principles,"""malnutrition"" OR ""nutrition security"" OR ""sufficient food"" OR ""agriculture and nutrition"" OR ""sustainable nutrition"" OR ""nutrition principles"" OR ""nutritional vulnerabilities"" OR ""nutrition inequalities"" OR ""nutrition sufficiency"" OR ""malnutrition prevention""",402252
Food,Practices,"""research evidence"" OR ""nutrition research"" OR ""impact evaluation"" OR ""food policy research"" OR ""food labeling"" OR ""biofortification"" OR ""nutrient recycling"" OR ""food fortification"" OR ""food practice"" OR ""food education"" OR ""evidence-based nutrition"" OR ""nutrition-sensitive agriculture"" OR ""food reformulation"" OR ""food sufficiency practice"" OR ""food sufficiency practices"" OR ""nutrition and food best practice"" OR ""nutrition and food best practices""",320291
Food,Production / agriculture,"""double cropping"" OR ""increase food production"" OR ""small and marginal farmers"" OR ""change in production system"" OR ""new farming practices"" OR ""improve crop breeding"" OR ""land gap"" OR ""innovative food network""",37094
Food,Programs,"""nutrition assistance program"" OR ""nutrition education program"" OR ""nutrition education programs"" OR ""food assistance program"" OR ""food assistance programs"" OR ""school feeding program"" OR ""school feeding programs"" OR ""school food program"" OR ""school food programs"" OR ""community nutrition program"" OR ""community nutrition programs""",25610
Food,Resource,"""water management policies""",4059
Food,Soil health and soil management,"""crop rotation"" OR ""agroforestry"" OR ""soil conservation"" OR ""cover cropping"" OR ""soil testing"" OR ""green manure"" OR ""reduced tillage"" OR ""biochar application"" OR ""soil fertility management"" OR ""rotational grazing"" OR ""buffer strips"" OR ""sustainable soil management"" OR ""soil organic carbon sequestration"" OR ""no-till farming"" OR ""composting in agriculture"" OR ""mulching techniques""",345932
Food,Strategies and solutions,"""food distribution strategies"" OR ""food insecurity solutions"" OR ""community nutrition strategy"" OR ""community nutrition strategies"" OR ""hunger mitigation strategy"" OR ""hunger mitigation strategies"" OR ""proven nutrition strategies""",75
Food,Sustainable Breeding & Crop Improvement,"""marker-assisted breeding"" OR ""crop genetic diversity"" OR ""agrobiodiversity conservation"" OR ""heat-tolerant crops"" OR ""breeding for sustainable agriculture"" OR ""gene editing in agriculture"" OR ""sustainable crop breeding""",13353
Food,Water management and drought resilience,"""precision irrigation"" OR ""soil moisture conservation"" OR ""deficit irrigation strategies"" OR ""adaptive water management"" OR ""drought-resilient crops"" OR ""water-efficient cropping"" OR ""rainwater harvesting in agriculture"" OR ""sustainable irrigation practices"" OR ""drip irrigation efficiency""",10342
Housing,Building Sector Policies and Measures,"""downsizing"" OR ""property tax"" OR ""housing policy"" OR ""land tax"" OR ""adaptive reuse"" OR ""zoning regulation"" OR ""real estate tax"" OR ""adjusting size"" OR ""housing regulation"" OR ""housing legislation"" OR ""social housing policy"" OR ""reversible structure"" OR ""rent cap"" OR ""repurposing building"" OR ""socio-technical intervention"" OR ""housing policy analysis"" OR ""housing market intervention"" OR ""downsizing housing"" OR ""residential sector policy"" OR ""building sector legislation"" OR ""building sector regulation"" OR ""downsizing real estate"" OR ""optimised use of building"" OR ""adjusting housing size"" OR ""optimised use of appliance""",391046
Housing,Buildings and their Attributes,"""education institution"" OR ""real estate"" OR ""built environment"" OR ""apartment"" OR ""housing market"" OR ""public building"" OR ""housing unit"" OR ""residential sector"" OR ""residential space"" OR ""hospital building"" OR ""non residential building"" OR ""non-residential building"" OR ""building size"" OR ""hospital facility"" OR ""education facility"" OR ""building ownership"" OR ""clinic building"" OR ""appliance ownership"" OR ""non-residential sector"" OR ""college facility"" OR ""high school facility""",1149779
Housing,Energy/resource/emissions,"""building energy"" OR ""building environment"" OR ""housing environment"" OR ""building footprint"" OR ""emission from building"" OR ""housing energy"" OR ""building resource"" OR ""building emission"" OR ""housing resource"" OR ""building related energy"" OR ""emission from housing"" OR ""building co2"" OR ""housing emission"" OR ""building ghg"" OR ""building greenhouse gas"" OR ""building related emission"" OR ""housing footprint"" OR ""building related ghg"" OR ""building related greenhouse gas"" OR ""housing related energy"" OR ""housing related emission"" OR ""housing co2"" OR ""housing ghg"" OR ""housing greenhouse gas"" OR ""building related resource"" OR ""housing related ghg"" OR ""housing related greenhouse gas""",116442
Housing,Planning Buildings,"""densification"" OR ""spatial planning"" OR ""building design"" OR ""vernacular architecture"" OR ""sustainable architecture"" OR ""ancient architecture"" OR ""passive building"" OR ""bioclimatic design"" OR ""bioclimatic architecture"" OR ""low-energy design"" OR ""regenerative architecture"" OR ""passive housing"" OR ""climate-adaptive design""",282392
Housing,Using Buildings,"""floor area"" OR ""shared space"" OR ""living area"" OR ""land-use intensity"" OR ""shared functionality"" OR ""community housing"" OR ""permanent housing"" OR ""cohousing"" OR ""under-occupation"" OR ""holiday home"" OR ""shared housing"" OR ""space standard"" OR ""vacant building"" OR ""mixed-use building"" OR ""temporary occupation"" OR ""empty building"" OR ""dwelling area"" OR ""holiday house"" OR ""space utilisation"" OR ""shared building"" OR ""short-term housing"" OR ""office-housing"" OR ""joint housing"" OR ""communal living space"" OR ""shared housing arrangement"" OR ""appliance size"" OR ""compact dwelling"" OR ""shared building space"" OR ""flexible housing model""",152858
Logistic,Logistic,"""relocation"" OR ""nearshoring"" OR ""digital twin"" OR ""inventory management"" OR ""sustainable supply chain"" OR ""autonomous navigation"" OR ""green supply chain"" OR ""piggyback"" OR ""optimization and machine learning"" OR ""reverse logistics"" OR ""import tariff"" OR ""sustainable supply chain management"" OR ""ict technology"" OR ""rational allocation"" OR ""logistics center"" OR ""resilient supply chain"" OR ""sscm"" OR ""logistics efficiency"" OR ""autonomous technology"" OR ""sustainability in livestock"" OR ""logistics optimization"" OR ""esg policy"" OR ""blockchain in logistics"" OR ""logistics facility"" OR ""smart traffic management system"" OR ""logistics digitalization"" OR ""logistic trend"" OR ""in-transit inventory"" OR ""smart logistic"" OR ""crowd-shipping"" OR ""sustainable logistic"" OR ""bicycle courier"" OR ""bike delivery"" OR ""bicycle delivery"" OR ""bike courier"" OR ""circular economy supply chain"" OR ""sufficiency plan"" OR ""urban warehouse"" OR ""carbon-neutral supply chain"" OR ""resource-efficient supply chain"" OR ""waste-reduction supply chain"" OR ""road cabotage"" OR ""zero-waste supply chain"" OR ""optimized logistics supply chain"" OR ""plan sufficiency"" OR ""ai-power warehouse"" OR ""eco-conscious supply chain"" OR ""crowd logistic"" OR ""responsible sourcing supply chain"" OR ""supply chain future-proof"" OR ""return home rule"" OR ""smart-management supply chain""",815928
Logistic,Logistic policies,"""world trade organization"" OR ""tsis"" OR ""european economy"" OR ""european green deal"" OR ""ten-t"" OR ""csrd"" OR ""blue growth"" OR ""trans-european network"" OR ""otif"" OR ""repowereu"" OR ""air traffic flow management"" OR ""issb"" OR ""corporate sustainability reporting directive"" OR ""connecting europe facility"" OR ""roadmap to a single european transport area"" OR ""atfm"" OR ""international sustainability standards board"" OR ""technical specifications for interoperability"" OR ""eu energy transition"" OR ""european union agency for railways"" OR ""marco polo ii"" OR ""marco polo program"" OR ""european year of rail"" OR ""deep learning in supply chain"" OR ""freight transport logistics action plan"" OR ""intergovernmental organisation for international carriage by rail"" OR ""european union's corporate sustainability reporting directive"" OR ""eu’s energy transition""",203081
Logistic,Transport infrastructure,"""sustainable transport"" OR ""inland waterway"" OR ""heavy-duty vehicle"" OR ""multimodal transport"" OR ""rail infrastructure"" OR ""container transport"" OR ""interconnect network"" OR ""zero-emission vehicle"" OR ""heavy-goods vehicle"" OR ""sustainable transport system"" OR ""intermodal freight"" OR ""roll-on roll-off"" OR ""sea freight"" OR ""inland waterway transport"" OR ""capability of share"" OR ""distribution hub"" OR ""freight corridor"" OR ""proximity point"" OR ""environmental friendly transport"" OR ""truck manufacturer"" OR ""cargo bike"" OR ""maritime freight"" OR ""essential transport"" OR ""sustainable channel"" OR ""sustainable transport plan"" OR ""pool capacity"" OR ""optimized fleet"" OR ""urban platform"" OR ""river infrastructure"" OR ""specialized container"" OR ""full container load"" OR ""green fleet"" OR ""project cargo"" OR ""consolidate freight"" OR ""streamlining the transport"" OR ""sustainable fleet"" OR ""green transport system"" OR ""smart fleet"" OR ""waterborne freight"" OR ""sustainable transport measure"" OR ""green transport infrastructure"" OR ""alternative-fuel fleet"" OR ""production corridor"" OR ""resilient transport network"" OR ""proximity station"" OR ""alternative transport model"" OR ""sufficient transport infrastructure"" OR ""optimized road transport"" OR ""minimalist infrastructure"" OR ""smart road transport"" OR ""green shipper"" OR ""smart shipper"" OR ""shared road transport"" OR ""optimized freight route"" OR ""multimodal freight operation"" OR ""optimized shipper"" OR ""sustainable shipper"" OR ""sustainable transit plan"" OR ""slow freight movement"" OR ""resource-efficient freight"" OR ""sustainable supports demand"" OR ""efficient shipper"" OR ""eco-conscious shipper"" OR ""alternative-fuel road transport"" OR ""last-mile sustainable freight""",95018
Logistic,Transport measures,"""real-time track"" OR ""last mile"" OR ""long-distance transport"" OR ""air traffic management"" OR ""transport flow"" OR ""transport volume"" OR ""physical internet"" OR ""automated mobility"" OR ""slow steam"" OR ""fleet capacity"" OR ""cross-border transport"" OR ""hyper-mobility"" OR ""tonne-kilometre"" OR ""artificial waterway"" OR ""sustainable transit"" OR ""port digitalization"" OR ""flow of truck"" OR ""road transport activity"" OR ""empty run"" OR ""maritime passage"" OR ""short-sea ship"" OR ""eco-friendly vessel"" OR ""tonne.km"" OR ""mileage volume"" OR ""responsible driving habit"" OR ""freight rat"" OR ""ai-driven ship"" OR ""waterborne urban logistics""",111296
Mobility,Car reduction,"""reduce vehicle weight"" OR ""car size"" OR ""vehicle weight reduction"" OR ""car mass"" OR ""reduce private car use"" OR ""reduction in vehicle weight"" OR ""reduce vehicle size"" OR ""vehicle size reduction"" OR ""reduction in horsepower"" OR ""reduce the mass of car"" OR ""private car use reduction"" OR ""individual car reduction""",4165
Mobility,Energy/resource/emissions,"""transport energy"" OR ""transport emission"" OR ""transport environment"" OR ""emission from transport"" OR ""mobility environment"" OR ""mobility energy"" OR ""transport co2"" OR ""transport related emission"" OR ""mobility resource"" OR ""transport resource"" OR ""transport ghg"" OR ""transport greenhouse gas"" OR ""transport related energy"" OR ""transport related greenhouse gas"" OR ""mobility emission"" OR ""transport related ghg"" OR ""transport footprint"" OR ""mobility footprint"" OR ""emission from mobility"" OR ""mobility related energy"" OR ""mobility co2"" OR ""mobility related emission"" OR ""mobility greenhouse gas"" OR ""mobility related ghg"" OR ""mobility ghg"" OR ""mobility related greenhouse gas"" OR ""transport related resource"" OR ""mobility related resource""",44214
Mobility,"Infrastructure, planning, policy","""transport system"" OR ""transport infrastructure"" OR ""transport policy"" OR ""transport planning"" OR ""mobility policy"" OR ""transit planning"" OR ""transport measure"" OR ""non-motorised transport"" OR ""15 min cit"" OR ""20 min cit""",330310
Mobility,Lifestyle and behaviour,"""commuting"" OR ""travel time"" OR ""human mobility"" OR ""mobility pattern"" OR ""travel behavior"" OR ""transport behavior"" OR ""travel behaviour"" OR ""sustainable mobility"" OR ""mobility behavior"" OR ""transport behaviour"" OR ""human travel"" OR ""mobility behaviour"" OR ""mobility lifestyle"" OR ""transport lifestyle""",548097
Mobility,Metrics,"""origin destination"" OR ""distance travel"" OR ""vmt"" OR ""vehicle miles traveled"" OR ""od matrix"" OR ""vehicle-km"" OR ""vehicle miles of travel"" OR ""passenger-km"" OR ""o-d matrix"" OR ""passenger-distance"" OR ""travel per person""",57628
Mobility,Mobility access,"""lack of access"" OR ""health care access"" OR ""limited accessibility"" OR ""transport accessibility"" OR ""access to essential service"" OR ""transport availability"" OR ""transport access"" OR ""job access"" OR ""mobility access"" OR ""access inequality"" OR ""transport limit"" OR ""mobility availability"" OR ""public health access"" OR ""limit travel"" OR ""human services access"" OR ""decent mobility""",210598
Mobility,Mobility demand,"""spatial distribution"" OR ""maas"" OR ""origin and destination"" OR ""mobility as a service"" OR ""demand for transport"" OR ""demand for mobility"" OR ""mobility demand"" OR ""limited travel"" OR ""travel limit"" OR ""excess travel"" OR ""distribution of workplace"" OR ""distribution of residential areas"" OR ""excess mobility"" OR ""mobility excess"" OR ""travel excess""",1017615
Mobility,Mobility dependency,"""car dependency"" OR ""transit-dependent"" OR ""mobility dependency"" OR ""transport dependency""",3729
Mobility,Mobility justice,"""limited mobility"" OR ""transport disadvantage"" OR ""mobility justice"" OR ""mobility affordability"" OR ""transport equity"" OR ""transport affordability"" OR ""justice in transport"" OR ""transit equity"" OR ""mobility equity"" OR ""just mobility"" OR ""mobility disadvantage"" OR ""mobility equality"" OR ""travel equity"" OR ""transport equality"" OR ""travel equality""",30639
Mobility,Mobility leasure,"""tourist destination"" OR ""air travel"" OR ""slow travel"" OR ""holiday travel"" OR ""aeromobility"" OR ""frequent flying""",121881
Mobility,Mobility policies,"""reducing fuel consumption"" OR ""speed reduction"" OR ""reduction in speed"" OR ""less traffic"" OR ""reduce vehicle mile"" OR ""enough mobility"" OR ""transport demand management"" OR ""transport energy demand"" OR ""transport energy reduction"" OR ""mobility enoughness"" OR ""low transport energy"" OR ""low transport demand"" OR ""transport energy management"" OR ""low demand for transport"" OR ""transport demand reduction"" OR ""mobility demand management"" OR ""demand-side mobility"" OR ""low mobility energy"" OR ""low mobility demand"" OR ""low demand for mobility"" OR ""mobility demand reduction""",43017
Mobility,Mobility poverty,"""transport poverty"" OR ""mobility poverty""",1397
Mobility,Mobility safety,"""road safety"" OR ""vehicle accident"" OR ""car accident"" OR ""road crash"" OR ""transport safety"" OR ""road fatality"" OR ""transport security"" OR ""road injury"" OR ""risk of fatality"" OR ""highway-related accident""",167344
Mobility,Post-growth / degrowth mobility,"""post-growth planning"" OR ""degrowth planning"" OR ""post-growth mobility"" OR ""post-growth transport"" OR ""degrowth mobility""",78
Mobility,Practices,"""mobility service"" OR ""daily travel"" OR ""daily commute"" OR ""long-distance travel"" OR ""local travel"" OR ""short-distance travel""",36627
Mobility,Private vehicle,"""fuel consumption"" OR ""passenger car"" OR ""private car"" OR ""vehicle weight"" OR ""car owner"" OR ""fuel demand"" OR ""personal transport"" OR ""car weight"" OR ""single occupancy vehicle"" OR ""vehicle occupancy rate"" OR ""non-car owner"" OR ""fuel spending""",259859
Mobility,Traffic,"""road traffic"" OR ""traffic congestion"" OR ""road transport"" OR ""speed limit"" OR ""traffic speed"" OR ""speed regulation"" OR ""car traffic""",321539
Mobility,Transport mode,"""transit"" OR ""bicycle"" OR ""public transport"" OR ""bike"" OR ""mass transport"" OR ""rapid transit"" OR ""active mode"" OR ""passenger transport"" OR ""urban rail"" OR ""motorized vehicle"" OR ""transport alternative"" OR ""passenger freight"" OR ""mod shift""",1274831
Mobility,Transport system,"""transport sector"" OR ""mobility system""",63690
Mobility,Urban environment,"""urban design"" OR ""dense urban"" OR ""compact urban"" OR ""urban diversity"" OR ""sprawl urban"" OR ""dens city""",98961
Mobility,Urbanism,"""land resource"" OR ""land conservation"" OR ""land protection"" OR ""space allocation"" OR ""sprawled urban form""",44354
Sufficiency ,Accessibility,"""human rights"" OR ""sustainable development goals"" OR ""colonialism"" OR ""sdg"" OR ""barriers to access"" OR ""racial discrimination"" OR ""assistive technology"" OR ""digital skills"" OR ""racial identity"" OR ""cultural rights"" OR ""gini index"" OR ""digital inequality"" OR ""internet adoption"" OR ""intermittent access"" OR ""tech hegemony""",1532524
Sufficiency ,Adaptation,"""water management"" OR ""climate change adaptation"" OR ""climate adaptation"" OR ""climate change adaptation strategies"" OR ""climate adaptation strategies"" OR ""drought-resistant crops"" OR ""climate adaptation policies"" OR ""climate adaptation in agriculture"" OR ""agroecology practices"" OR ""water-smart agriculture"" OR ""climate risk management in agriculture"" OR ""agroecology and adaptation""",329756
Sufficiency ,Climate,"""agriculture innovation"" OR ""climate-smart agriculture"" OR ""climate-smart practices"" OR ""climate-smart food systems""",33177
Sufficiency ,Desired features/ characteristics,"""organic farming"" OR ""soil health"" OR ""agroecology"" OR ""adaptive capacity in agriculture""",133612
Sufficiency ,Driver of consumption,"""reducing consumption"" OR ""shared economy"" OR ""reuse and recycling"" OR ""demand-side management"" OR ""overconsumption"" OR ""dematerialization"" OR ""transport demand"" OR ""ethical consumption"" OR ""demand-side response"" OR ""slow life"" OR ""first time buyer"" OR ""over-order"" OR ""voluntary simplicity"" OR ""slow consumption"" OR ""energy demand management"" OR ""slow living"" OR ""lean consumption"" OR ""demand moderation""",184263
Sufficiency ,Drivers of production,"""product-as-a-service"" OR ""delivery as a service"" OR ""second hand"" OR ""digital service"" OR ""home delivery"" OR ""eco-label"" OR ""closed-loop supply chain"" OR ""industrial symbiosis"" OR ""end market"" OR ""omni-channel"" OR ""sustainable procurement"" OR ""frugal innovation"" OR ""reverse logistic"" OR ""warehouse automation"" OR ""logistic as a service"" OR ""delivery-window"" OR ""deposit-refund system"" OR ""cradle-to-cradle design"" OR ""next day delivery"" OR ""functional economy"" OR ""goods mobility"" OR ""buy-back scheme"" OR ""programmed obsolescence"" OR ""localized supply chains"" OR ""carbon footprint track"" OR ""refillable packaging"" OR ""repair economy"" OR ""downsizing production"" OR ""slow production cycle"" OR ""shared-manufacturing platform"" OR ""sufficiency-based business model""",329219
Sufficiency ,Economic advantages/benefits,"""strengthened local economies"" OR ""economic advantages of food sufficiency""",783
Sufficiency ,Economic barriers/challenges,"""supply chain disruptions"" OR ""economic challenges in agriculture""",15993
Sufficiency ,Economic impact (general),"""economic impact"" OR ""urban agriculture"" OR ""local food production"" OR ""peri-urban agriculture"" OR ""short food supply chain"" OR ""support to local agriculture"" OR ""weekly farmers market"" OR ""sustainable food networks"" OR ""shortening food chain"" OR ""economic viability of sustainable practices"" OR ""alternate food networks (afns)"" OR ""cost-effectiveness of sustainable agriculture"" OR ""profitability of regenerative agriculture"" OR ""food assembly (fa)""",421141
Sufficiency ,Energy policies,"""low energy consumption"" OR ""energy services"" OR ""energy access"" OR ""energy practice"" OR ""low energy demand"" OR ""energy demand reduction"" OR ""energy intervention"" OR ""long-term energy demand"" OR ""demand-side option"" OR ""low energy user"" OR ""low-carbon energy demand"" OR ""low demand for energy services""",89421
Sufficiency ,Environmental advantages/benefits,"""waste management"" OR ""ecosystem services"" OR ""climate change mitigation"" OR ""ecological footprint"" OR ""regenerative agriculture"" OR ""reduced environmental footprint"" OR ""biodiversity and sustainable food"" OR ""sustainable land use in food production"" OR ""agroecology and environmental protection"" OR ""environmental benefits of sufficiency"" OR ""carbon footprint reduction in agriculture"" OR ""climate mitigation in food systems""",600871
Sufficiency ,Environmental barriers/challenges,"""water scarcity"" OR ""land degradation"" OR ""biodiversity loss"" OR ""resource depletion"" OR ""environmental constraints in food production""",230754
Sufficiency ,Environmental impact (general),"""environmental impact"" OR ""food security"" OR ""green building"" OR ""carbon neutrality"" OR ""sustainable building"" OR ""clean environment"" OR ""land conversion"" OR ""sustainable housing"" OR ""sustainable homes"" OR ""soil sealing"" OR ""ecological urbanism"" OR ""ecological building"" OR ""ecological living"" OR ""eco-building"" OR ""ecological housing"" OR ""eco-housing"" OR ""eco-friendly living"" OR ""eco-living"" OR ""eco-friendly housing"" OR ""net-positive building"" OR ""eco-friendly heating""",1131395
Sufficiency ,Financing Mechanisms and Economic Systems,"""ppp"" OR ""venture capital"" OR ""microfinance"" OR ""crowdfund"" OR ""carbon tax"" OR ""local currency"" OR ""carbon price"" OR ""finance mechanism"" OR ""sustainable finance"" OR ""resource mobilization"" OR ""participatory budget"" OR ""impact investment"" OR ""green bond"" OR ""resource mobilisation"" OR ""time bank"" OR ""barter system"" OR ""ethical bank"" OR ""decentralized fund"" OR ""local credit union"" OR ""social impact fund"" OR ""government subsid""",483584
Sufficiency ,Fiscal,"""fiscal policy"" OR ""fiscal measure"" OR ""fiscal strategy"" OR ""fiscal strategies""",126397
Sufficiency ,Food/Food system,"""supply chain"" OR ""food supply"" OR ""food distribution"" OR ""food loss"" OR ""agri-food systems"" OR ""local food systems"" OR ""food system transformation"" OR ""food waste reduction"" OR ""short food supply chains"" OR ""resilient food systems"" OR ""food system resilience"" OR ""circular economy in agri-food"" OR ""nature-based solutions for food security""",793252
Sufficiency ,Gender,"""gender inequalities"" OR ""gender discriminations"" OR ""social inequity"" OR ""digital gender divide"" OR ""women exclusion"" OR ""girl exclusion""",158402
Sufficiency ,General,"""systemic change"" OR ""agricultural sustainability"" OR ""sustainable food systems"" OR ""market framework"" OR ""agri-food sustainability"" OR ""local food systems and communities"" OR ""agri-food system sustainability"" OR ""public health and sustainable diets"" OR ""consumer behavior and sustainable diets""",110887
Sufficiency ,General Principles,"""global health"" OR ""efficient recycling""",431917
Sufficiency ,General advantages/benefits,"""healthier diets"" OR ""increased resilience"" OR ""sustainable agriculture practices"" OR ""improved food security"" OR ""socio-economic resilience"" OR ""long-term sustainability in agriculture"" OR ""advantages of sustainable agriculture"" OR ""agri-food system resilience"" OR ""climate change adaptation in food systems"" OR ""benefits of food sufficiency""",154734
Sufficiency ,General challenges/barriers,"""resistance to change"" OR ""technological limitations"" OR ""consumer habits"" OR ""political barriers"" OR ""policy barriers"" OR ""ecological boundaries"" OR ""supply chain complexity"" OR ""challenges in food production"" OR ""barriers to sustainable agriculture"" OR ""policy and regulatory barriers"" OR ""challenges in sustainable food systems"" OR ""obstacles to sustainable agriculture"" OR ""barriers to food sufficiency""",113782
Sufficiency ,Global,"""global policy"" OR ""global cross-sector policy""",38130
Sufficiency ,International initiatives impact on local sufficiency,"""international law"" OR ""foreign policy"" OR ""monitoring and evaluation"" OR ""international cooperation"" OR ""conflict resolution"" OR ""policy implementation"" OR ""world health organisation"" OR ""international monetary fund"" OR ""bottom-up approach"" OR ""local knowledge"" OR ""crisis management"" OR ""international organisation"" OR ""stakeholder engagement"" OR ""community empowerment"" OR ""regional integration"" OR ""peacekeeping"" OR ""evidence-based policy"" OR ""development aid"" OR ""humanitarian assistance"" OR ""organisation for economic cooperation and development"" OR ""food and agriculture organisation"" OR ""participatory planning"" OR ""international labour organisation"" OR ""security cooperation"" OR ""tailored strategy"" OR ""resilience building"" OR ""cross-sector collaboration"" OR ""world trade organisation"" OR ""international fund for agricultural development"" OR ""ebrd"" OR ""decentral"" OR ""european bank for reconstruction and development"" OR ""cross-border collaboration"" OR ""united nations educational, scientific and cultural organisation"" OR ""regional adaptation"" OR ""oxfam international"" OR ""policy adaptation"" OR ""global contract"" OR ""global govern""",1872712
Sufficiency ,Justice,"""social justice"" OR ""equal opportunity"" OR ""environmental justice"" OR ""distributive justice"" OR ""climate justice"" OR ""just transition"" OR ""justice framework"" OR ""energy justice"" OR ""energy inequality"" OR ""material inequality"" OR ""safe and just"" OR ""effort sharing"" OR ""resource inequality"" OR ""just transformation"" OR ""material justice"" OR ""resource justice""",558388
Sufficiency ,Lifestyle,"""social interaction"" OR ""livelihood"" OR ""social capital"" OR ""social environment"" OR ""social practice"" OR ""household size"" OR ""community resilience"" OR ""housing project"" OR ""social support network"" OR ""social patterns"" OR ""living condition"" OR ""sustainable lifestyle"" OR ""single-parent household"" OR ""communal living"" OR ""green lifestyle"" OR ""societal organisation"" OR ""extended family household"" OR ""sufficient lifestyle"" OR ""multigenerational housing"" OR ""multigenerational projects"" OR ""social cohesion in housing"" OR ""socio-spatial dynamic"" OR ""household sustainability practices"" OR ""1.5° lifestyle"" OR ""social capital in urban environments"" OR ""self-organised housing project""",1728839
Sufficiency ,Mitigation,"""greenhouse gas emissions"" OR ""deforestation"" OR ""land use change"" OR ""bioenergy"" OR ""climate mitigation"" OR ""sustainable land use"" OR ""sustainable land management"" OR ""agriculture production system"" OR ""greenhouse gas emissions reduction"" OR ""agriculture emissions"" OR ""climate mitigation policies"" OR ""climate mitigation strategies"" OR ""restoring peatlands"" OR ""agriculture and land use change"" OR ""restore natural ecosystem"" OR ""agroforestry and climate change"" OR ""carbon rich ecosystem"" OR ""improve soil and water management"" OR ""reduce nitrogen runoff"" OR ""agriculture ghg mitigation"" OR ""carbon-neutral agriculture"" OR ""greenhouse gas reduction in agriculture"" OR ""agriculture production emissions"" OR ""low-carbon food production"" OR ""mitigation strategies in food systems""",730189
Sufficiency ,Needs,"""energy need"" OR ""human need"" OR ""basic need"" OR ""need for community"" OR ""social need"" OR ""essential need"" OR ""fundamental need"" OR ""need for home"" OR ""human-centred design"" OR ""need for housing"" OR ""housing need"" OR ""daily need"" OR ""need for social interaction"" OR ""transport need"" OR ""mobility need"" OR ""home approach"" OR ""need for social contacts"" OR ""shelter need"" OR ""need for living space"" OR ""need-based planning"" OR ""social need fulfilment""",215570
Sufficiency ,Planetary boundaries,"""earth system"" OR ""anthropocene"" OR ""planetary boundary"" OR ""anthropogenic pressure"" OR ""ecological resilience"" OR ""planetary health"" OR ""integrated sustainability"" OR ""synergy and trade-off"" OR ""ecological limit"" OR ""holistic sustainability"" OR ""environmental threshold"" OR ""polycrisis"" OR ""biophysical limit"" OR ""synergy and tradeoff"" OR ""planetary limit"" OR ""earth boundary"" OR ""poly crisis"" OR ""earth limit"" OR ""overshoot of planetary boundary""",337713
Sufficiency ,Policies,"""environmental policy"" OR ""policy instruments"" OR ""climate policy"" OR ""international food policy"" OR ""food security policies"" OR ""agro-environmental policies"" OR ""sustainable food policies"" OR ""organic farming policies"" OR ""agri-food governance"" OR ""public policies for food security"" OR ""food waste reduction policies"" OR ""agri-food system policies"" OR ""transformative agricultural policies"" OR ""food and climate governance"" OR ""sustainable food policy frameworks""",326618
Sufficiency ,Political Make-up & Governance,"""neoliberal"" OR ""authoritarian"" OR ""communism"" OR ""socialism"" OR ""right-wing"" OR ""political stability"" OR ""left wing"" OR ""neo-liberal"" OR ""citizen participation"" OR ""party system"" OR ""councillor"" OR ""policy influence"" OR ""voter turnout"" OR ""proportional representation"" OR ""citizen engagement"" OR ""direct democracy"" OR ""unitary state"" OR ""stakeholder collaboration"" OR ""municipal corporation"" OR ""campaign financing"" OR ""policy structure"" OR ""term limit"" OR ""metropolitan government"" OR ""two party system"" OR ""top-down policy"" OR ""top down policy"" OR ""multi-party system"" OR ""multi party system"" OR ""smart governance"" OR ""governance accountability"" OR ""political decentralization"" OR ""institutional fragmentation"" OR ""administrative autonomy"" OR ""policy continuity"" OR ""policy co-ordination"" OR ""electoral ward"" OR ""policy inertia"" OR ""govern system"" OR ""legislative constraint"" OR ""bottom-up policy"" OR ""bottom up policy"" OR ""multi-stakeholder governance"" OR ""bureaucratic decision-making"" OR ""bureaucratic decision making"" OR ""two-part system"" OR ""elect at-large"" OR ""elect at large"" OR ""multistakeholder governance"" OR ""representation of marginalized group"" OR ""ranked-choice vote"" OR ""ranked choice vote"" OR ""special-purpose district"" OR ""policymaking structure"" OR ""govern model"" OR ""politic system"" OR ""continuity policy"" OR ""top-down policymaking"" OR ""top down policymaking"" OR ""intergovernmental relation"" OR ""community-driven planning"" OR ""community driven planning"" OR ""at-large elect"" OR ""at large elect"" OR ""bureaucratic decisionmaking"" OR ""legislative framework for sustainability"" OR ""bottom-up policymaking"" OR ""bottom up policymaking"" OR ""multi-level govern"" OR ""multi level govern"" OR ""city manager model"" OR ""govern transparency"" OR ""municipal governance model"" OR ""state intervention in urban planning"" OR ""elector district"" OR ""elector representation"" OR ""politic inclusion"" OR ""centra govern""",1216883
Sufficiency ,Poverty,"""alleviation of poverty"" OR ""energy poverty"" OR ""elimination of poverty"" OR ""energy deprivation"" OR ""poverty elimination"" OR ""mitigation of poverty"" OR ""mitigation elimination"" OR ""alleviation elimination""",39134
Sufficiency ,Practice,"""daily practice"" OR ""everyday practice"" OR ""inclusive practice"" OR ""mobility practice"" OR ""travel practice"" OR ""transport practice""",201893
Sufficiency ,"Public Participation, Inclusive Policies and Civil Engagement","""civil society"" OR ""non governmental organization"" OR ""open data"" OR ""citizen science"" OR ""advocacy group"" OR ""cbo"" OR ""social enterprise"" OR ""labor organization"" OR ""community-based organization"" OR ""participatory democracy"" OR ""lobby group"" OR ""anti-discrimination law"" OR ""participatory budgeting"" OR ""town hall meeting"" OR ""antidiscrimination law"" OR ""grassroot movement"" OR ""digital activism"" OR ""disability inclusion"" OR ""co-housing"" OR ""grassroot organizing"" OR ""citizen assembly"" OR ""participatory policy"" OR ""policy transparency"" OR ""collaborative policy"" OR ""deliberative forum"" OR ""multi-sector partnership"" OR ""gender-responsive policy"" OR ""gender responsive policy"" OR ""labor organisation"" OR ""multisector partnership"" OR ""intersectional policy"" OR ""grassroot organising"" OR ""e-participation platform"" OR ""stakeholder engagement framework"" OR ""co-governance model"" OR ""digital civic engagement"" OR ""crowdsourced policy"" OR ""universal access to resource"" OR ""inclusive polic"" OR ""community-led urban initiative"" OR ""community led urban initiative""",857038
Sufficiency ,Public engagement,"""public engagement"" OR ""participatory process"" OR ""duty to consult"" OR ""indigenous engagement""",88603
Sufficiency ,Resilience,"""climate resilience"" OR ""climate-resilient agriculture"" OR ""agricultural resilience"" OR ""biodiversity and food security"" OR ""climate resilience in agriculture"" OR ""rural community resilience"" OR ""disaster risk reduction in agriculture"" OR ""food sovereignty and resilience"" OR ""resilient agriculture policies""",31086
Sufficiency ,Resource,"""water management policy""",4059
Sufficiency ,Resource conservation,"""material use"" OR ""energy saving"" OR ""resource use"" OR ""energy conservation"" OR ""water conservation"" OR ""material flow"" OR ""decarbonization"" OR ""enough energy"" OR ""sustainable construction"" OR ""material consumption"" OR ""zero energy building"" OR ""absolute reduction"" OR ""reduced carbon footprint"" OR ""footprint reduction"" OR ""net zero energy building"" OR ""carbon footprint reduction"" OR ""domestic energy consumption"" OR ""sustainable energy consumption"" OR ""low water consumption"" OR ""low resource consumption"" OR ""zero emission building"" OR ""reduced ecological footprint"" OR ""energy enoughness"" OR ""net zero building"" OR ""low water demand"" OR ""reduction of resource use"" OR ""positive energy building"" OR ""sustainable material use"" OR ""energy necessity"" OR ""reduction of footprint"" OR ""sustainable energy initiative"" OR ""absolute energy consumption"" OR ""net zero emission building"" OR ""material conversation"" OR ""low heating demand"" OR ""low resource demand"" OR ""resource conversation"" OR ""sustainable material flow"" OR ""household resource consumption"" OR ""material demand reduction"" OR ""zero emission housing"" OR ""land take reduction"" OR ""improve housing insulation"" OR ""absolute energy reduction"" OR ""low land demand"" OR ""low demand for heating"" OR ""reduction material flow"" OR ""low space demand"" OR ""net zero emission housing"" OR ""positive energy housing"" OR ""energy consumption corridor""",1476469
Sufficiency ,Social,"""social welfare"" OR ""social norm"" OR ""social impact"" OR ""social care"" OR ""social benefit"" OR ""social exclusion"" OR ""social inclusion"" OR ""social sustainability"" OR ""social innovation"" OR ""social vulnerability"" OR ""socio-economic impact"" OR ""social equity"" OR ""social goal"" OR ""socio-economic transformation"" OR ""societal goal"" OR ""socio-economic disparity"" OR ""societal organization"" OR ""degrowth society""",1253173
Sufficiency ,Social and Economic Sustainability Goals,"""solidarity"" OR ""gender equality"" OR ""human right"" OR ""social transformation"" OR ""economic transformation"" OR ""communities of care"" OR ""economic sustainability"" OR ""care communities"" OR ""care work"" OR ""decent work"" OR ""strong community"" OR ""sustainable transformation"" OR ""decent living"" OR ""co-parenting"" OR ""decent housing"" OR ""adequate standard of living"" OR ""shared parenting"" OR ""occupant satisfaction"" OR ""decent living standard"" OR ""housing adequacy"" OR ""solidarity-based economy"" OR ""accessible living"" OR ""shared parenthood"" OR ""resilient neighbourhood"" OR ""urban social justice"" OR ""shared child-rearing"" OR ""shared child rearing"" OR ""barrier-free living"" OR ""shared care work"" OR ""decent building"" OR ""joint parenthood"" OR ""social equity in housing"" OR ""gender mainstreaming in urban planning"" OR ""decent living condition"" OR ""gender-responsive-housing"" OR ""gender-sensitive housing"" OR ""fair distribution of living space"" OR ""fair housing distribution"" OR ""split care work""",969009
Sufficiency ,Social barriers/challenges,"""cultural shifts in food consumption""",4
Sufficiency ,Social impact (general),"""cultural values"" OR ""consumer behavior"" OR ""access to food"" OR ""dietary patterns"" OR ""plant-based food"" OR ""labor practices"" OR ""vegetarian food"" OR ""sustainable behaviour change"" OR ""food gap"" OR ""sustainable consumption behaviour"" OR ""being vegetarian"" OR ""shifting dietary patterns"" OR ""resource intensive food"" OR ""low meat consumers"" OR ""moderate meat consumption""",639954
Sufficiency ,Sufficiency,"""sufficiency"" OR ""frugality"" OR ""middle path"" OR ""sufficientarianism"" OR ""mindful consumption"" OR ""buddhist economics"" OR ""self-immunity system""",270615
Sufficiency ,Sustainability,"""technological innovations"" OR ""agriculture practices"" OR ""sustainable consumption"" OR ""sustainable diets"" OR ""food sustainability""",482393
Sufficiency ,Technology and Data in Urban Development,"""big data"" OR ""data security"" OR ""data privacy"" OR ""government intervention"" OR ""policy intervention"" OR ""federalism"" OR ""predictive analytic"" OR ""state intervention"" OR ""legislative framework"" OR ""policy coordination"" OR ""sustainable infrastructure"" OR ""smart data"" OR ""smart mobility"" OR ""smart transportation"" OR ""local govern"" OR ""urban analytics"" OR ""smart government"" OR ""institution fragmentation"" OR ""urban densification"" OR ""public space design"" OR ""green building technology"" OR ""central govern"" OR ""net-zero building"" OR ""public space management"" OR ""mixed-use zoning"" OR ""energy-efficient city"" OR ""sector fragmentation"" OR ""compact city model"" OR ""govern accountability"" OR ""climate-resilient planning"" OR ""administration autonomy"" OR ""urban infrastructure monitoring"" OR ""climate-resilient urban planning"" OR ""bureaucrat decision-making"" OR ""carbon capture integration"" OR ""urban densification strategy"" OR ""decentral energy system"" OR ""multi-stakeholder government"" OR ""circular urban economy"" OR ""decentral govern"" OR ""intergovernment relation""",1228014
Sufficiency ,Trade,"""global trade""",78895
Sufficiency ,Urban inequalities,"""gentrification"" OR ""urban-rural disparity""",45212
Sufficiency ,Well-being,"""standard of living"" OR ""living standard"" OR ""life satisfaction"" OR ""subjective well-being"" OR ""physical disability"" OR ""healthy life"" OR ""human well-being"" OR ""social well-being"" OR ""hdi"" OR ""human development index"" OR ""subjective wellbeing"" OR ""health effect"" OR ""co-benefit"" OR ""social wellbeing"" OR ""human wellbeing"" OR ""healthy lives"" OR ""societal well-being"" OR ""wellbeing outcome"" OR ""people’s health"" OR ""life satisfaction score"" OR ""societal wellbeing"" OR ""transport externality"" OR ""inclusive mobility"" OR ""inclusive transport"" OR ""inclusivity for transport"" OR ""inclusivity in mobility"" OR ""transport inclusiveness"" OR ""mobility inclusiveness"" OR ""living well on less""",977736
Sufficiency ,economic,"""production costs"" OR ""local economies"" OR ""job creation""",384847
Trade,AI? Digital?,"""data center cooling"" OR ""low-energy computers""",1415
Trade,Competitiveness,"""sustainable competitiveness"" OR ""demand reduction"" OR ""eco-design"" OR ""beyond gdp"" OR ""slow production"" OR ""limits to competition"" OR ""alternative business models"" OR ""green competitiveness"" OR ""consumption shifts"" OR ""competitiveness in developed countries"" OR ""competitiveness in developing countries"" OR ""wellbeing economy"" OR ""rethinking growth"" OR ""resource caps"" OR ""socially responsible business models"" OR ""minimalist production"" OR ""degrowth in business"" OR ""environmental limits in production""",114340
Trade,Consumer / Cultural Issues (demand-side),"""social movements"" OR ""cultural norms"" OR ""consumer demand"" OR ""consumer preferences"" OR ""consumer protection"" OR ""consumer choices"" OR ""local sourcing"" OR ""consumption behavior"" OR ""waste reduction"" OR ""consumer awareness"" OR ""cultural shifts"" OR ""cultural attitudes"" OR ""sustainability education"" OR ""consumer rights"" OR ""greenwashing"" OR ""consumption reduction"" OR ""responsible consumption"" OR ""post-consumerism"" OR ""cultural sustainability"" OR ""green purchasing"" OR ""green consumerism"" OR ""eco-friendly products"" OR ""sustainable marketing"" OR ""sustainability communication"" OR ""sustainability culture"" OR ""ethical consumerism"" OR ""alternative trade"" OR ""sustainability trends"" OR ""consumer advocacy"" OR ""conscious consumption"" OR ""sustainability in fashion"" OR ""fair trade products"" OR ""sustainable consumption patterns"" OR ""ethical marketing"" OR ""consumer ethics"" OR ""sustainability movements"" OR ""eco-conscious consumers"" OR ""circular consumption"" OR ""fair trade consumption"" OR ""conscious buying"" OR ""cultural identity and sustainability"" OR ""eco-lifestyles"" OR ""cultural revaluation"" OR ""alternative consumption models"" OR ""value-based consumption"" OR ""cultural attitudes toward sustainability"" OR ""eco-conscious marketing"" OR ""cultural sustainability initiatives"" OR ""cultural resistance to sustainability"" OR ""resource-efficient consumerism""",882180
Trade,Consumer Goods,"""leasing"" OR ""high-quality products"" OR ""zero-waste"" OR ""shared mobility"" OR ""planned obsolescence"" OR ""second-hand markets"" OR ""right to repair"" OR ""rental fashion""",358829
Trade,Crisis Management,"""renewable energy"" OR ""monetary policies"" OR ""financial stability"" OR ""energy security"" OR ""financial crises"" OR ""energy shortages"" OR ""resource security"" OR ""inflation control"" OR ""supply chain vulnerabilities"" OR ""community banking"" OR ""global economic shocks"" OR ""resilient energy systems"" OR ""cooperative lending"" OR ""decentralized energy transition"" OR ""stalling technological progress""",1049832
Trade,Environmental and Resource Use,"""water use"" OR ""sustainable agriculture"" OR ""environmental degradation"" OR ""circular economy"" OR ""sustainability in production"" OR ""energy transition"" OR ""ecological impact"" OR ""natural resource management"" OR ""recycled materials"" OR ""resource efficiency"" OR ""carbon budgets"" OR ""natural capital"" OR ""environmental footprint"" OR ""ecological sustainability"" OR ""conservation policies"" OR ""carbon reduction"" OR ""resource scarcity"" OR ""land grabbing"" OR ""carbon trading"" OR ""eco-innovation"" OR ""resource use efficiency"" OR ""biodiversity protection"" OR ""resource governance"" OR ""sustainability metrics"" OR ""sustainable mining"" OR ""sustainable logistics"" OR ""sustainable extraction"" OR ""eco-friendly production"" OR ""green trade"" OR ""embedded emissions"" OR ""energy descent"" OR ""recycling trade"" OR ""low-carbon trade"" OR ""circular resource use"" OR ""environmental trade barriers"" OR ""trade and carbon footprint"" OR ""eco-conscious consumption"" OR ""climate-friendly trade"" OR ""sustainable trade networks"" OR ""absolute resource reduction"" OR ""zero waste trade"" OR ""low-impact supply chains"" OR ""eco-efficient trade"" OR ""low-impact trade""",1316630
Trade,Equitable Resource Distribution,"""social classes"" OR ""developed economies"" OR ""governance structures"" OR ""fair distribution"" OR ""lower-income populations"" OR ""historical resource inequities""",522318
Trade,Finance and Investment,"""community-based finance"" OR ""green development finance"" OR ""sustainable trade finance"" OR ""mining industry and sufficiency"" OR ""debt-for-sustainability swaps""",263
Trade,Food & Nutrition,"""food waste"" OR ""veganism"" OR ""hydroponic"" OR ""vegetarianism"" OR ""aquaponic"" OR ""local farming"" OR ""seasonal produce"" OR ""coop supermarkets"" OR ""unpackaged goods""",234542
Trade,Global Competitiveness,"""tariffs"" OR ""globalized market"" OR ""manufacturing sectors"" OR ""trade agreements"" OR ""protectionism"" OR ""economic competitiveness"" OR ""trade models"" OR ""economic stagnation"" OR ""isolationism"" OR ""high-tech sectors"" OR ""trade-offs exist"" OR ""international trade relations"" OR ""international economic institutions"" OR ""reducing resource dependency"" OR ""economics transitions"" OR ""balance competitiveness and sustainability""",685868
Trade,Housing,"""insulation"" OR ""green urbanism"" OR ""passive house"" OR ""cooperative housing"" OR ""environmental construction"" OR ""circular construction"" OR ""low-carbon construction"" OR ""nature-based materials"" OR ""heat resilience"" OR ""local construction materials"" OR ""tiny homes"" OR ""recyclable construction materials"" OR ""long-term city planning""",388991
Trade,Impacts,"""market reactions"" OR ""supply chain impacts"" OR ""policy implementation challenges""",31834
Trade,Incentives & Behavioral Shifts,"""financial markets"" OR ""consumer behaviour"" OR ""investment strategies"" OR ""social incentives"" OR ""corporate behaviour"" OR ""behavioral economic principles"" OR ""sufficiency-driven business models"" OR ""sufficiency-driven consumption""",431209
Trade,Industrial Policy,"""technological development"" OR ""resource constraints"" OR ""government subsidies"" OR ""innovation policy"" OR ""strategic investments"" OR ""conventional industrial policies"" OR ""sufficiency and high-tech sectors""",520226
Trade,Industry,"""emissions cap"" OR ""carbon caps"" OR ""resource-efficient manufacturing"" OR ""non-extractive industry"" OR ""net-zero manufacturing"" OR ""industrial sufficiency""",7270
Trade,Innovation / Technology,"""appropriate technology"" OR ""secondary raw materials"" OR ""passive design"" OR ""collaborative economy"" OR ""design for durability"" OR ""right-to-repair"" OR ""low-tech solutions"" OR ""low-tech alternatives"" OR ""closed-loop production systems"" OR ""zero-waste manufacturing"" OR ""energy sobriety"" OR ""technology sufficiency"" OR ""low energy infrastructure"" OR ""recycled content mandate"" OR ""minimalist product design"" OR ""energy descent strategies"" OR ""tradition ecological model""",75971
Trade,Job displacement,"""stranded workers"" OR ""deindustrialization effects"" OR ""sectoral job displacement"" OR ""climate policy-induced unemployment""",157
Trade,Negative Economic Impacts of Green Policies,"""carbon leakage"" OR ""sustainability trade-offs"" OR ""cost of decarbonization"" OR ""greenflation""",7057
Trade,Policy & Governance,"""economic policy"" OR ""regulatory frameworks"" OR ""public-private partnerships"" OR ""environmental regulations"" OR ""international collaboration"" OR ""government accountability"" OR ""national sovereignty"" OR ""policy innovation"" OR ""public ownership"" OR ""economic resilience"" OR ""social governance"" OR ""trade regulations"" OR ""regulatory barriers"" OR ""international governance"" OR ""redistribution policies"" OR ""regional trade agreements"" OR ""sustainability standards"" OR ""strong sustainability"" OR ""tariff policies"" OR ""protectionist policies"" OR ""trade and sustainability"" OR ""decentralized governance"" OR ""global economic governance"" OR ""weak sustainability"" OR ""multilateral trade agreements"" OR ""trade policy reform"" OR ""ecological governance"" OR ""cooperative policies"" OR ""global regulatory frameworks"" OR ""trade liberalization policies"" OR ""policy harmonization"" OR ""border tax adjustments"" OR ""green industrial policy"" OR ""sufficiency policies"" OR ""wto reform"" OR ""public-private partnerships in sustainability"" OR ""trade and development policies"" OR ""global trade governance"" OR ""state intervention in markets"" OR ""trade compliance"" OR ""policy coherence for sustainability"" OR ""fair trade law"" OR ""global governance for sustainability"" OR ""trade dispute resolution"" OR ""social sustainability policies"" OR ""trade policy adjustment"" OR ""global policy coordination"" OR ""resource distribution policies"" OR ""fair trade regulations"" OR ""competition law and sustainability"" OR ""competition law for sustainability"" OR ""sustainability-oriented governance"" OR ""cross-border trade policies"" OR ""equitable trade policies"" OR ""market-led sustainability"" OR ""sufficiency-oriented policies"" OR ""climate trade policies"" OR ""decentralized economic governance"" OR ""state-led sustainability"" OR ""state-led economic transitions"" OR ""economic planning beyond gdp""",968525
Trade,Power Dynamics and Trade,"""political economy"" OR ""multinationals"" OR ""multilateralism"" OR ""lobbying"" OR ""corporate social responsibility"" OR ""outsourcing"" OR ""free trade"" OR ""free market"" OR ""trade policies"" OR ""economic integration"" OR ""market access"" OR ""geopolitics"" OR ""local production"" OR ""industrial policy"" OR ""structural adjustment"" OR ""trade liberalization"" OR ""power imbalance"" OR ""consumer markets"" OR ""global supply chains"" OR ""trade barriers"" OR ""environmental standards"" OR ""trade balance"" OR ""global value chains"" OR ""economic disparities"" OR ""sovereign debt"" OR ""extraterritoriality"" OR ""bilateral agreements"" OR ""trade deficits"" OR ""investment flows"" OR ""trade rules"" OR ""economic diversification"" OR ""labor rights"" OR ""multilateral agreements"" OR ""trade facilitation"" OR ""trade surplus"" OR ""trade disputes"" OR ""international trade law"" OR ""corporate power"" OR ""export controls"" OR ""neo-colonialism"" OR ""import restrictions"" OR ""corporate accountability"" OR ""export processing zones"" OR ""trade sanctions"" OR ""fair wages"" OR ""trade expansion"" OR ""sustainable trade"" OR ""trade protectionism"" OR ""corporate influence"" OR ""economic sovereignty"" OR ""ethical sourcing"" OR ""economic hegemony"" OR ""global trade networks"" OR ""trade dependence"" OR ""resource redistribution"" OR ""trade diplomacy"" OR ""trade dependency"" OR ""global trade rules"" OR ""trade justice"" OR ""corporate exploitation"" OR ""resource diplomacy"" OR ""economic colonialism"" OR ""tariff evasion"" OR ""global trade impact""",2348438
Trade,Social & Labor Impacts,"""employment effects"" OR ""social safety nets"" OR ""care economy"" OR ""just transition policies"" OR ""job-sharing models"" OR ""ethical labor policies""",31190
Trade,Technology & Innovation,"""decentralized"" OR ""emerging technologies"" OR ""ai and blockchain"" OR ""blockchain for sustainability"" OR ""tech models"" OR ""r&d priorities"" OR ""ethical ai governance"" OR ""resource-intensive economic growth"" OR ""ai and sufficiency""",867839
Trade,Trade and Sufficiency,"""regional trade"" OR ""sustainable sourcing"" OR ""slow movement"" OR ""reduced imports"" OR ""trade for sustainability"" OR ""economic autonomy"" OR ""sustainability in trade"" OR ""ethical trade"" OR ""sufficiency economy"" OR ""trade equity"" OR ""trade reduction"" OR ""import reduction"" OR ""slow trade"" OR ""fair resource distribution"" OR ""reduced trade volume"" OR ""resource-based trade"" OR ""trade transition"" OR ""circular trade"" OR ""economic localization"" OR ""green trade policies"" OR ""post-growth economics"" OR ""local trade systems"" OR ""trade decoupling"" OR ""alternative trade models"" OR ""consumption-based trade"" OR ""resource-efficient supply chains"" OR ""alternative trade agreements"" OR ""trade and resource constraints"" OR ""eco-friendly trade"" OR ""trade for climate justice"" OR ""trade policies for sufficiency"" OR ""resource-efficient trade"" OR ""eco-conscious sourcing"" OR ""sustainable consumption trade"" OR ""degrowth trade"" OR ""eco-conscious trade"" OR ""sufficiency trade strategies"" OR ""climate-conscious trade""",110578
Trade,Transportation,"""public transportation"" OR ""intermodal transport"" OR ""neighborhood model"" OR ""15 minute cities"" OR ""mixed zoning"" OR ""no-commute cities"" OR ""car-free environments""",124256
Trade,trade,"""fair trade"" OR ""import substitution"" OR ""regional trade integration"" OR ""ethical supply chains"" OR ""trade resilience"" OR ""sustainability in global trade"" OR ""community-based trade"" OR ""local economic strengthening"" OR ""sustainable export strategies"" OR ""balanced trade growth"" OR ""resilient trade networks"" OR ""self-reliant trade""",72718
Urban settlements ,Biodiversity conservation & habitat protection,"""bioremediation"" OR ""habitat management"" OR ""habitat conservation"" OR ""habitat protection"" OR ""habitat creation"" OR ""urban reserve"" OR ""urban biodiversity conservation"" OR ""biodiversity net-gain policy"" OR ""wildlife-friendly planning""",141641
Urban settlements ,Construction of sustainable urban infrastructure,"""land use"" OR ""crowdedness"" OR ""smart city"" OR ""community development"" OR ""satellite imagery"" OR ""sprawl"" OR ""asset management"" OR ""sustainable urbanism"" OR ""land use planning"" OR ""environmental impact assessment"" OR ""urban growth"" OR ""land-use policies"" OR ""new urbanism"" OR ""built-up area"" OR ""urban form"" OR ""urban sprawl"" OR ""urban expansion"" OR ""habitat fragmentation"" OR ""infrastructure system"" OR ""urban sustainability"" OR ""occupancy rate"" OR ""urban governance"" OR ""sustainable transportation"" OR ""greenbelts"" OR ""urban morphology"" OR ""urban heat island effect"" OR ""smart growth"" OR ""urban density"" OR ""growth management"" OR ""compact city"" OR ""vacancy rate"" OR ""mixed land use"" OR ""mixed land-use"" OR ""planning instruments"" OR ""urban land cover"" OR ""dpsir"" OR ""urban green areas"" OR ""property taxation"" OR ""low-carbon society"" OR ""dense cities"" OR ""high density cities"" OR ""compact development"" OR ""neighborhood planning"" OR ""urban population density"" OR ""sustainable urban form"" OR ""sustainable accessibility"" OR ""urban typology"" OR ""low carbon construction"" OR ""participatory urban planning"" OR ""urban growth management"" OR ""public transport subsidies"" OR ""urban renewal schemes"" OR ""urban containment policies"" OR ""planning and development practices"" OR ""the three goals of sustainability"" OR ""environmental ratio"" OR ""effective territorial strategies"" OR ""inward urbanization"" OR ""urban performance index"" OR ""minimum density restrictions"" OR ""zoning for mixed-use and density"" OR ""semi-natural urban landscapes"" OR ""crowding in urban green spaces""",1974180
Urban settlements ,Ecosystem-based adaptations/NBS,"""nature-based solution"" OR ""biophilia"" OR ""ecosystem-based adaptation"" OR ""biophilic design"" OR ""regenerative urbanism"" OR ""biophilic city"" OR ""biophilic urbanism"" OR ""urban ecosystem restoration"" OR ""nature-inclusive design""",34882
Urban settlements ,Sustainable urban planning,"""land reclamation"" OR ""stormwater management"" OR ""permeable surface"" OR ""land restoration"" OR ""permeable pavement"" OR ""stormwater infrastructure"" OR ""porous pavement"" OR ""compact city planning"" OR ""mixed-use urban development"" OR ""rainwater infrastructure"" OR ""rainway"" OR ""urban-rural interface planning"" OR ""sustainable zoning policy""",71321
Urban settlements ,Urban blue spaces,"""water harvesting"" OR ""suds"" OR ""water recycling"" OR ""urban wetlands"" OR ""urban stormwater management"" OR ""water-sensitive urban design"" OR ""bioswale"" OR ""sustainable drainage system"" OR ""urban pond"" OR ""urban surface water"" OR ""vegetated swale"" OR ""urban blue space"" OR ""blue urbanism"" OR ""floodable park"" OR ""urban blue infrastructure"" OR ""attenuation basins"" OR ""urban canal network""",66279
Urban settlements ,Urban blue-green spaces,"""tree pit"" OR ""urban nature-based solution"" OR ""urban nature based solution"" OR ""urban nbs"" OR ""urban green-blue space"" OR ""urban green-blue infrastructure"" OR ""urban wetland forest""",1456
Urban settlements ,Urban densification and urban sprawl,"""urban politics"" OR ""residential density"" OR ""city growth"" OR ""urban growth boundaries"" OR ""density optimization process""",32766
Urban settlements ,Urban form and morphology,"""low-carbon"" OR ""urban planning"" OR ""urban development"" OR ""network design"" OR ""sustainable cities"" OR ""technical efficiency"" OR ""spatial attention"" OR ""sustainable urban development"" OR ""city size"" OR ""urban resilience"" OR ""resilient cities"" OR ""low-impact development"" OR ""eco-city"" OR ""mixed-use developments"" OR ""regional connectivity"" OR ""urban metabolism"" OR ""suburban sprawl"" OR ""sustainable urban forms"" OR ""spatial efficiency"" OR ""walkable cities"" OR ""local service provision"" OR ""compact urban development"" OR ""planning and development policies"" OR ""positive energy districts"" OR ""carbon-neutral city"" OR ""three-dimensional greening"" OR ""climate-neutral city"" OR ""urban form compactness"" OR ""city central area"" OR ""circular city model"" OR ""decentralized concentration"" OR ""mixed-use urban forms"" OR ""parasite architecture"" OR ""smart sustainable city models"" OR ""urban compact model"" OR ""green spatial layout"" OR ""decentralized urban models""",898113
Urban settlements ,Urban green spaces,"""urban green space"" OR ""urban forest"" OR ""green roof"" OR ""community garden"" OR ""green belt"" OR ""urban green infrastructure"" OR ""urban open space"" OR ""green corridor"" OR ""green street"" OR ""vertical garden"" OR ""pocket park"" OR ""living roof"" OR ""shared garden"" OR ""restorative pocket park""",109974
Urban settlements ,Urban waste management infrastructure,"""building materials"" OR ""municipal solid waste"" OR ""waste-water treatment"" OR ""construction waste"" OR ""resource flows"" OR ""waste minimization"" OR ""material flow analysis"" OR ""sanitation infrastructure"" OR ""municipal waste management"" OR ""incineration of wastes"" OR ""waste-water management"" OR ""landfill management"" OR ""waste-to-energy system"" OR ""product lifecycle data"" OR ""centralized waste management system"" OR ""alternative waste management pathways""",372642
